<?xml version="1.0" encoding="utf-8"?>
<ApplicationInstallerManifest>
   <DefaultInstallationDirectory>/Applications/Boston_University/gui_shield_field_azimuth_v1p2_mt/</DefaultInstallationDirectory>
   <ApplicationName>gui_shield_field_azimuth_v1p2_mt</ApplicationName>
   <ExecutableName>application/gui_shield_field_azimuth_v1p2_mt.exe</ExecutableName>
   <GUID>cc425f2c-e1c5-4470-a9c8-03e94ad446f1</GUID>
   <ApplicationIcon>default_icon_48.png</ApplicationIcon>
   <Logo>default_logo.png</Logo>
   <Version>1.2</Version>
   <AuthorOrganization>Boston University</AuthorOrganization>
   <Summary>Summary: Identify potenital alignments in the distribution of point-like features</Summary>
   <WelcomePanelText>gui_shield_field_azimuth_v1p2_mt 1.2
Summary: Identify potenital alignments in the distribution of point-like features

Description: This MATLAB GUI enables the application of two versions of the two-point azimuth method to search for anisotrophy in the distribution of point-like features, e.g., clusters of small volcanic edificies.

Bradley Thomson
bjt@bu.edu</WelcomePanelText>
   <MCRProducts>
      <MCRProduct>
         <ExternalProductIdentifier>35000</ExternalProductIdentifier>
      </MCRProduct>
      <MCRProduct>
         <ExternalProductIdentifier>35010</ExternalProductIdentifier>
      </MCRProduct>
   </MCRProducts>
</ApplicationInstallerManifest>