<?xml version="1.0" encoding="utf-8"?>
<productAdditionalComps>
   <dependsOn>
      <component>
         <name>gui_shield_field_azimuth_v1p2_mt</name>
         <locale/>
         <platformList>
            <platform>maci64</platform>
         </platformList>
         <version>1.2</version>
      </component>
   </dependsOn>
   <isControllingProduct>true</isControllingProduct>
   <platform>maci64</platform>
   <productName>gui_shield_field_azimuth_v1p2_mt</productName>
   <productNumber>5000</productNumber>
   <productBaseCode>gui_shield_field_azimuth_v1p2_mt</productBaseCode>
   <productVersion>1.2</productVersion>
   <releaseFamily>R2015a</releaseFamily>
   <releaseDescription>R2015a</releaseDescription>
</productAdditionalComps>